INSERT INTO users
  (id, email, email_verified, email_verified_at, encrypted_password, created_at, updated_at, given_name, family_name,
   phone_number, job)
VALUES
  (1, '233fd508-224d-4fe7-88ed-0a0d1df10e07@mailslurp.com', true, CURRENT_TIMESTAMP, '$2a$10$kzY3LINL6..50Fy9shWCcuNlRfYq0ft5lS.KCcJ5PzrhlWfKK4NIO', CURRENT_TIMESTAMP, CURRENT_TIMESTAMP, 'Jean', 'Nouveau', '0123456789', 'Sbire'),
  (2, '34c5063f-81c0-4d09-9d0b-a7502f844cdf@mailslurp.com', true, CURRENT_TIMESTAMP - interval '2 months', '$2a$10$kzY3LINL6..50Fy9shWCcuNlRfYq0ft5lS.KCcJ5PzrhlWfKK4NIO', CURRENT_TIMESTAMP, CURRENT_TIMESTAMP, 'Jean', 'SponsorActive', '0123456789', 'Sbire'),
  (3, 'ba97e7a6-e603-465e-b2a5-236489ee0bb2@mailslurp.com', true, CURRENT_TIMESTAMP, '$2a$10$kzY3LINL6..50Fy9shWCcuNlRfYq0ft5lS.KCcJ5PzrhlWfKK4NIO', CURRENT_TIMESTAMP, CURRENT_TIMESTAMP, 'Jean', 'SponsorChosen', '0123456789', 'Sbire'),
  (4, 'be040966-0142-421b-8041-5a3543a79a8a@mailslurp.com', true, CURRENT_TIMESTAMP, '$2a$10$kzY3LINL6..50Fy9shWCcuNlRfYq0ft5lS.KCcJ5PzrhlWfKK4NIO', CURRENT_TIMESTAMP, CURRENT_TIMESTAMP, 'Jean', 'External1', '0123456789', 'Sbire'),
  (5, '487ef426-6135-42c9-b805-9161d3474974@mailslurp.com', true, CURRENT_TIMESTAMP, '$2a$10$kzY3LINL6..50Fy9shWCcuNlRfYq0ft5lS.KCcJ5PzrhlWfKK4NIO', CURRENT_TIMESTAMP, CURRENT_TIMESTAMP, 'Jean', 'NotAuthenticated1', '0123456789', 'Sbire'),
  (6, '1bdcce53-4757-441c-8d07-93deee327d11@mailslurp.com', true, CURRENT_TIMESTAMP, '$2a$10$kzY3LINL6..50Fy9shWCcuNlRfYq0ft5lS.KCcJ5PzrhlWfKK4NIO', CURRENT_TIMESTAMP, CURRENT_TIMESTAMP, 'Jean', 'NeedsOfficialContactEmailVerification1', '0123456789', 'Sbire'),
  (7, 'unused7@yopmail.com', true, CURRENT_TIMESTAMP - interval '4 months', '$2a$10$kzY3LINL6..50Fy9shWCcuNlRfYq0ft5lS.KCcJ5PzrhlWfKK4NIO', CURRENT_TIMESTAMP, CURRENT_TIMESTAMP, 'Jean', 'NotActive1', '0123456789', 'Sbire'),
  -- add 50 organization members to trigger the sponsorship feature
  (8, 'unused8@yopmail.com', true, CURRENT_TIMESTAMP, '$2a$10$kzY3LINL6..50Fy9shWCcuNlRfYq0ft5lS.KCcJ5PzrhlWfKK4NIO', CURRENT_TIMESTAMP, CURRENT_TIMESTAMP, 'Jean', 'Sponsor3', '0123456789', 'Sbire'),
  (9, 'unused9@yopmail.com', true, CURRENT_TIMESTAMP, '$2a$10$kzY3LINL6..50Fy9shWCcuNlRfYq0ft5lS.KCcJ5PzrhlWfKK4NIO', CURRENT_TIMESTAMP, CURRENT_TIMESTAMP, 'Jean', 'Sponsor4', '0123456789', 'Sbire'),
  (10, 'unused10@yopmail.com', true, CURRENT_TIMESTAMP, '$2a$10$kzY3LINL6..50Fy9shWCcuNlRfYq0ft5lS.KCcJ5PzrhlWfKK4NIO', CURRENT_TIMESTAMP, CURRENT_TIMESTAMP, 'Jean', 'Sponsor5', '0123456789', 'Sbire'),
  (11, 'unused11@yopmail.com', true, CURRENT_TIMESTAMP, '$2a$10$kzY3LINL6..50Fy9shWCcuNlRfYq0ft5lS.KCcJ5PzrhlWfKK4NIO', CURRENT_TIMESTAMP, CURRENT_TIMESTAMP, 'Jean', 'Sponsor6', '0123456789', 'Sbire'),
  (12, 'unused12@yopmail.com', true, CURRENT_TIMESTAMP, '$2a$10$kzY3LINL6..50Fy9shWCcuNlRfYq0ft5lS.KCcJ5PzrhlWfKK4NIO', CURRENT_TIMESTAMP, CURRENT_TIMESTAMP, 'Jean', 'Sponsor7', '0123456789', 'Sbire'),
  (13, 'unused13@yopmail.com', true, CURRENT_TIMESTAMP, '$2a$10$kzY3LINL6..50Fy9shWCcuNlRfYq0ft5lS.KCcJ5PzrhlWfKK4NIO', CURRENT_TIMESTAMP, CURRENT_TIMESTAMP, 'Jean', 'Sponsor8', '0123456789', 'Sbire'),
  (14, 'unused14@yopmail.com', true, CURRENT_TIMESTAMP, '$2a$10$kzY3LINL6..50Fy9shWCcuNlRfYq0ft5lS.KCcJ5PzrhlWfKK4NIO', CURRENT_TIMESTAMP, CURRENT_TIMESTAMP, 'Jean', 'Sponsor9', '0123456789', 'Sbire'),
  (15, 'unused15@yopmail.com', true, CURRENT_TIMESTAMP, '$2a$10$kzY3LINL6..50Fy9shWCcuNlRfYq0ft5lS.KCcJ5PzrhlWfKK4NIO', CURRENT_TIMESTAMP, CURRENT_TIMESTAMP, 'Jean', 'Sponsor10', '0123456789', 'Sbire'),
  (16, 'unused16@yopmail.com', true, CURRENT_TIMESTAMP, '$2a$10$kzY3LINL6..50Fy9shWCcuNlRfYq0ft5lS.KCcJ5PzrhlWfKK4NIO', CURRENT_TIMESTAMP, CURRENT_TIMESTAMP, 'Jean', 'Sponsor11', '0123456789', 'Sbire'),
  (17, 'unused17@yopmail.com', true, CURRENT_TIMESTAMP, '$2a$10$kzY3LINL6..50Fy9shWCcuNlRfYq0ft5lS.KCcJ5PzrhlWfKK4NIO', CURRENT_TIMESTAMP, CURRENT_TIMESTAMP, 'Jean', 'Sponsor12', '0123456789', 'Sbire'),
  (18, 'unused18@yopmail.com', true, CURRENT_TIMESTAMP, '$2a$10$kzY3LINL6..50Fy9shWCcuNlRfYq0ft5lS.KCcJ5PzrhlWfKK4NIO', CURRENT_TIMESTAMP, CURRENT_TIMESTAMP, 'Jean', 'Sponsor13', '0123456789', 'Sbire'),
  (19, 'unused19@yopmail.com', true, CURRENT_TIMESTAMP, '$2a$10$kzY3LINL6..50Fy9shWCcuNlRfYq0ft5lS.KCcJ5PzrhlWfKK4NIO', CURRENT_TIMESTAMP, CURRENT_TIMESTAMP, 'Jean', 'Sponsor14', '0123456789', 'Sbire'),
  (20, 'unused20@yopmail.com', true, CURRENT_TIMESTAMP, '$2a$10$kzY3LINL6..50Fy9shWCcuNlRfYq0ft5lS.KCcJ5PzrhlWfKK4NIO', CURRENT_TIMESTAMP, CURRENT_TIMESTAMP, 'Jean', 'Sponsor15', '0123456789', 'Sbire'),
  (21, 'unused21@yopmail.com', true, CURRENT_TIMESTAMP, '$2a$10$kzY3LINL6..50Fy9shWCcuNlRfYq0ft5lS.KCcJ5PzrhlWfKK4NIO', CURRENT_TIMESTAMP, CURRENT_TIMESTAMP, 'Jean', 'Sponsor16', '0123456789', 'Sbire'),
  (22, 'unused22@yopmail.com', true, CURRENT_TIMESTAMP, '$2a$10$kzY3LINL6..50Fy9shWCcuNlRfYq0ft5lS.KCcJ5PzrhlWfKK4NIO', CURRENT_TIMESTAMP, CURRENT_TIMESTAMP, 'Jean', 'Sponsor17', '0123456789', 'Sbire'),
  (23, 'unused23@yopmail.com', true, CURRENT_TIMESTAMP, '$2a$10$kzY3LINL6..50Fy9shWCcuNlRfYq0ft5lS.KCcJ5PzrhlWfKK4NIO', CURRENT_TIMESTAMP, CURRENT_TIMESTAMP, 'Jean', 'Sponsor18', '0123456789', 'Sbire'),
  (24, 'unused24@yopmail.com', true, CURRENT_TIMESTAMP, '$2a$10$kzY3LINL6..50Fy9shWCcuNlRfYq0ft5lS.KCcJ5PzrhlWfKK4NIO', CURRENT_TIMESTAMP, CURRENT_TIMESTAMP, 'Jean', 'Sponsor19', '0123456789', 'Sbire'),
  (25, 'unused25@yopmail.com', true, CURRENT_TIMESTAMP, '$2a$10$kzY3LINL6..50Fy9shWCcuNlRfYq0ft5lS.KCcJ5PzrhlWfKK4NIO', CURRENT_TIMESTAMP, CURRENT_TIMESTAMP, 'Jean', 'Sponsor20', '0123456789', 'Sbire'),
  (26, 'unused26@yopmail.com', true, CURRENT_TIMESTAMP, '$2a$10$kzY3LINL6..50Fy9shWCcuNlRfYq0ft5lS.KCcJ5PzrhlWfKK4NIO', CURRENT_TIMESTAMP, CURRENT_TIMESTAMP, 'Jean', 'Sponsor21', '0123456789', 'Sbire'),
  (27, 'unused27@yopmail.com', true, CURRENT_TIMESTAMP, '$2a$10$kzY3LINL6..50Fy9shWCcuNlRfYq0ft5lS.KCcJ5PzrhlWfKK4NIO', CURRENT_TIMESTAMP, CURRENT_TIMESTAMP, 'Jean', 'Sponsor22', '0123456789', 'Sbire'),
  (28, 'unused28@yopmail.com', true, CURRENT_TIMESTAMP, '$2a$10$kzY3LINL6..50Fy9shWCcuNlRfYq0ft5lS.KCcJ5PzrhlWfKK4NIO', CURRENT_TIMESTAMP, CURRENT_TIMESTAMP, 'Jean', 'Sponsor23', '0123456789', 'Sbire'),
  (29, 'unused29@yopmail.com', true, CURRENT_TIMESTAMP, '$2a$10$kzY3LINL6..50Fy9shWCcuNlRfYq0ft5lS.KCcJ5PzrhlWfKK4NIO', CURRENT_TIMESTAMP, CURRENT_TIMESTAMP, 'Jean', 'Sponsor24', '0123456789', 'Sbire'),
  (30, 'unused30@yopmail.com', true, CURRENT_TIMESTAMP, '$2a$10$kzY3LINL6..50Fy9shWCcuNlRfYq0ft5lS.KCcJ5PzrhlWfKK4NIO', CURRENT_TIMESTAMP, CURRENT_TIMESTAMP, 'Jean', 'Sponsor25', '0123456789', 'Sbire'),
  (31, 'unused31@yopmail.com', true, CURRENT_TIMESTAMP, '$2a$10$kzY3LINL6..50Fy9shWCcuNlRfYq0ft5lS.KCcJ5PzrhlWfKK4NIO', CURRENT_TIMESTAMP, CURRENT_TIMESTAMP, 'Jean', 'Sponsor26', '0123456789', 'Sbire'),
  (32, 'unused32@yopmail.com', true, CURRENT_TIMESTAMP, '$2a$10$kzY3LINL6..50Fy9shWCcuNlRfYq0ft5lS.KCcJ5PzrhlWfKK4NIO', CURRENT_TIMESTAMP, CURRENT_TIMESTAMP, 'Jean', 'Sponsor27', '0123456789', 'Sbire'),
  (33, 'unused33@yopmail.com', true, CURRENT_TIMESTAMP, '$2a$10$kzY3LINL6..50Fy9shWCcuNlRfYq0ft5lS.KCcJ5PzrhlWfKK4NIO', CURRENT_TIMESTAMP, CURRENT_TIMESTAMP, 'Jean', 'Sponsor28', '0123456789', 'Sbire'),
  (34, 'unused34@yopmail.com', true, CURRENT_TIMESTAMP, '$2a$10$kzY3LINL6..50Fy9shWCcuNlRfYq0ft5lS.KCcJ5PzrhlWfKK4NIO', CURRENT_TIMESTAMP, CURRENT_TIMESTAMP, 'Jean', 'Sponsor29', '0123456789', 'Sbire'),
  (35, 'unused35@yopmail.com', true, CURRENT_TIMESTAMP, '$2a$10$kzY3LINL6..50Fy9shWCcuNlRfYq0ft5lS.KCcJ5PzrhlWfKK4NIO', CURRENT_TIMESTAMP, CURRENT_TIMESTAMP, 'Jean', 'Sponsor30', '0123456789', 'Sbire'),
  (36, 'unused36@yopmail.com', true, CURRENT_TIMESTAMP, '$2a$10$kzY3LINL6..50Fy9shWCcuNlRfYq0ft5lS.KCcJ5PzrhlWfKK4NIO', CURRENT_TIMESTAMP, CURRENT_TIMESTAMP, 'Jean', 'Sponsor31', '0123456789', 'Sbire'),
  (37, 'unused37@yopmail.com', true, CURRENT_TIMESTAMP, '$2a$10$kzY3LINL6..50Fy9shWCcuNlRfYq0ft5lS.KCcJ5PzrhlWfKK4NIO', CURRENT_TIMESTAMP, CURRENT_TIMESTAMP, 'Jean', 'Sponsor32', '0123456789', 'Sbire'),
  (38, 'unused38@yopmail.com', true, CURRENT_TIMESTAMP, '$2a$10$kzY3LINL6..50Fy9shWCcuNlRfYq0ft5lS.KCcJ5PzrhlWfKK4NIO', CURRENT_TIMESTAMP, CURRENT_TIMESTAMP, 'Jean', 'Sponsor33', '0123456789', 'Sbire'),
  (39, 'unused39@yopmail.com', true, CURRENT_TIMESTAMP, '$2a$10$kzY3LINL6..50Fy9shWCcuNlRfYq0ft5lS.KCcJ5PzrhlWfKK4NIO', CURRENT_TIMESTAMP, CURRENT_TIMESTAMP, 'Jean', 'Sponsor34', '0123456789', 'Sbire'),
  (40, 'unused40@yopmail.com', true, CURRENT_TIMESTAMP, '$2a$10$kzY3LINL6..50Fy9shWCcuNlRfYq0ft5lS.KCcJ5PzrhlWfKK4NIO', CURRENT_TIMESTAMP, CURRENT_TIMESTAMP, 'Jean', 'Sponsor35', '0123456789', 'Sbire'),
  (41, 'unused41@yopmail.com', true, CURRENT_TIMESTAMP, '$2a$10$kzY3LINL6..50Fy9shWCcuNlRfYq0ft5lS.KCcJ5PzrhlWfKK4NIO', CURRENT_TIMESTAMP, CURRENT_TIMESTAMP, 'Jean', 'Sponsor36', '0123456789', 'Sbire'),
  (42, 'unused42@yopmail.com', true, CURRENT_TIMESTAMP, '$2a$10$kzY3LINL6..50Fy9shWCcuNlRfYq0ft5lS.KCcJ5PzrhlWfKK4NIO', CURRENT_TIMESTAMP, CURRENT_TIMESTAMP, 'Jean', 'Sponsor37', '0123456789', 'Sbire'),
  (43, 'unused43@yopmail.com', true, CURRENT_TIMESTAMP, '$2a$10$kzY3LINL6..50Fy9shWCcuNlRfYq0ft5lS.KCcJ5PzrhlWfKK4NIO', CURRENT_TIMESTAMP, CURRENT_TIMESTAMP, 'Jean', 'Sponsor38', '0123456789', 'Sbire'),
  (44, 'unused44@yopmail.com', true, CURRENT_TIMESTAMP, '$2a$10$kzY3LINL6..50Fy9shWCcuNlRfYq0ft5lS.KCcJ5PzrhlWfKK4NIO', CURRENT_TIMESTAMP, CURRENT_TIMESTAMP, 'Jean', 'Sponsor39', '0123456789', 'Sbire'),
  (45, 'unused45@yopmail.com', true, CURRENT_TIMESTAMP, '$2a$10$kzY3LINL6..50Fy9shWCcuNlRfYq0ft5lS.KCcJ5PzrhlWfKK4NIO', CURRENT_TIMESTAMP, CURRENT_TIMESTAMP, 'Jean', 'Sponsor40', '0123456789', 'Sbire'),
  (46, 'unused46@yopmail.com', true, CURRENT_TIMESTAMP, '$2a$10$kzY3LINL6..50Fy9shWCcuNlRfYq0ft5lS.KCcJ5PzrhlWfKK4NIO', CURRENT_TIMESTAMP, CURRENT_TIMESTAMP, 'Jean', 'Sponsor41', '0123456789', 'Sbire'),
  (47, 'unused47@yopmail.com', true, CURRENT_TIMESTAMP, '$2a$10$kzY3LINL6..50Fy9shWCcuNlRfYq0ft5lS.KCcJ5PzrhlWfKK4NIO', CURRENT_TIMESTAMP, CURRENT_TIMESTAMP, 'Jean', 'Sponsor42', '0123456789', 'Sbire'),
  (48, 'unused48@yopmail.com', true, CURRENT_TIMESTAMP, '$2a$10$kzY3LINL6..50Fy9shWCcuNlRfYq0ft5lS.KCcJ5PzrhlWfKK4NIO', CURRENT_TIMESTAMP, CURRENT_TIMESTAMP, 'Jean', 'Sponsor43', '0123456789', 'Sbire'),
  (49, 'unused49@yopmail.com', true, CURRENT_TIMESTAMP, '$2a$10$kzY3LINL6..50Fy9shWCcuNlRfYq0ft5lS.KCcJ5PzrhlWfKK4NIO', CURRENT_TIMESTAMP, CURRENT_TIMESTAMP, 'Jean', 'Sponsor44', '0123456789', 'Sbire'),
  (50, 'unused50@yopmail.com', true, CURRENT_TIMESTAMP, '$2a$10$kzY3LINL6..50Fy9shWCcuNlRfYq0ft5lS.KCcJ5PzrhlWfKK4NIO', CURRENT_TIMESTAMP, CURRENT_TIMESTAMP, 'Jean', 'Sponsor45', '0123456789', 'Sbire'),
  (51, 'unused51@yopmail.com', true, CURRENT_TIMESTAMP, '$2a$10$kzY3LINL6..50Fy9shWCcuNlRfYq0ft5lS.KCcJ5PzrhlWfKK4NIO', CURRENT_TIMESTAMP, CURRENT_TIMESTAMP, 'Jean', 'Sponsor46', '0123456789', 'Sbire'),
  (52, 'unused52@yopmail.com', true, CURRENT_TIMESTAMP, '$2a$10$kzY3LINL6..50Fy9shWCcuNlRfYq0ft5lS.KCcJ5PzrhlWfKK4NIO', CURRENT_TIMESTAMP, CURRENT_TIMESTAMP, 'Jean', 'Sponsor47', '0123456789', 'Sbire'),
  (53, 'unused53@yopmail.com', true, CURRENT_TIMESTAMP, '$2a$10$kzY3LINL6..50Fy9shWCcuNlRfYq0ft5lS.KCcJ5PzrhlWfKK4NIO', CURRENT_TIMESTAMP, CURRENT_TIMESTAMP, 'Jean', 'Sponsor48', '0123456789', 'Sbire'),
  (54, 'unused54@yopmail.com', true, CURRENT_TIMESTAMP, '$2a$10$kzY3LINL6..50Fy9shWCcuNlRfYq0ft5lS.KCcJ5PzrhlWfKK4NIO', CURRENT_TIMESTAMP, CURRENT_TIMESTAMP, 'Jean', 'Sponsor49', '0123456789', 'Sbire'),
  (55, 'unused55@yopmail.com', true, CURRENT_TIMESTAMP, '$2a$10$kzY3LINL6..50Fy9shWCcuNlRfYq0ft5lS.KCcJ5PzrhlWfKK4NIO', CURRENT_TIMESTAMP, CURRENT_TIMESTAMP, 'Jean', 'Sponsor50', '0123456789', 'Sbire'),
  (56, 'unused56@yopmail.com', true, CURRENT_TIMESTAMP, '$2a$10$kzY3LINL6..50Fy9shWCcuNlRfYq0ft5lS.KCcJ5PzrhlWfKK4NIO', CURRENT_TIMESTAMP, CURRENT_TIMESTAMP, 'Jean', 'Sponsor51', '0123456789', 'Sbire'),
  (57, 'fbcbc4b0-40de-44ad-935e-26dd7ff2adb7@mailslurp.biz', true, CURRENT_TIMESTAMP, '$2a$10$kzY3LINL6..50Fy9shWCcuNlRfYq0ft5lS.KCcJ5PzrhlWfKK4NIO', CURRENT_TIMESTAMP, CURRENT_TIMESTAMP, 'Jean', 'FakeDomain', '0123456789', 'Sbire');

INSERT INTO organizations
  (id, siret, created_at, updated_at)
VALUES
  -- DIRECTION INTERMINISTERIELLE DU NUMERIQUE (DINUM)
  (1, '13002526500013', CURRENT_TIMESTAMP, CURRENT_TIMESTAMP);

INSERT INTO email_domains
(id, organization_id, domain, type, verified_at)
VALUES
  (1, 1, 'mailslurp.com', 'verified', CURRENT_TIMESTAMP),
  (2, 1, 'mailslurp.biz', 'verified', CURRENT_TIMESTAMP),
  (3, 1, 'fakedomain.com', 'authorized', CURRENT_TIMESTAMP);

INSERT INTO users_organizations
  (user_id, organization_id, is_external, verification_type, authentication_by_peers_type, needs_official_contact_email_verification, has_been_greeted)
VALUES
  (2, 1, false, 'verified_email_domain', 'all_members_notified', false, true),
  (3, 1, false, 'verified_email_domain', 'all_members_notified', false, true),
  (4, 1, true, 'verified_email_domain', 'all_members_notified', false, true),
  (5, 1, false, 'verified_email_domain', null, false, false),
  (6, 1, false, null, null, true, false),
  (7, 1, false, 'verified_email_domain', 'all_members_notified', false, true),
  (8, 1, false, 'verified_email_domain', 'all_members_notified', false, true),
  (9, 1, false, 'verified_email_domain', 'all_members_notified', false, true),
  (10, 1, false, 'verified_email_domain', 'all_members_notified', false, true),
  (11, 1, false, 'verified_email_domain', 'all_members_notified', false, true),
  (12, 1, false, 'verified_email_domain', 'all_members_notified', false, true),
  (13, 1, false, 'verified_email_domain', 'all_members_notified', false, true),
  (14, 1, false, 'verified_email_domain', 'all_members_notified', false, true),
  (15, 1, false, 'verified_email_domain', 'all_members_notified', false, true),
  (16, 1, false, 'verified_email_domain', 'all_members_notified', false, true),
  (17, 1, false, 'verified_email_domain', 'all_members_notified', false, true),
  (18, 1, false, 'verified_email_domain', 'all_members_notified', false, true),
  (19, 1, false, 'verified_email_domain', 'all_members_notified', false, true),
  (20, 1, false, 'verified_email_domain', 'all_members_notified', false, true),
  (21, 1, false, 'verified_email_domain', 'all_members_notified', false, true),
  (22, 1, false, 'verified_email_domain', 'all_members_notified', false, true),
  (23, 1, false, 'verified_email_domain', 'all_members_notified', false, true),
  (24, 1, false, 'verified_email_domain', 'all_members_notified', false, true),
  (25, 1, false, 'verified_email_domain', 'all_members_notified', false, true),
  (26, 1, false, 'verified_email_domain', 'all_members_notified', false, true),
  (27, 1, false, 'verified_email_domain', 'all_members_notified', false, true),
  (28, 1, false, 'verified_email_domain', 'all_members_notified', false, true),
  (29, 1, false, 'verified_email_domain', 'all_members_notified', false, true),
  (30, 1, false, 'verified_email_domain', 'all_members_notified', false, true),
  (31, 1, false, 'verified_email_domain', 'all_members_notified', false, true),
  (32, 1, false, 'verified_email_domain', 'all_members_notified', false, true),
  (33, 1, false, 'verified_email_domain', 'all_members_notified', false, true),
  (34, 1, false, 'verified_email_domain', 'all_members_notified', false, true),
  (35, 1, false, 'verified_email_domain', 'all_members_notified', false, true),
  (36, 1, false, 'verified_email_domain', 'all_members_notified', false, true),
  (37, 1, false, 'verified_email_domain', 'all_members_notified', false, true),
  (38, 1, false, 'verified_email_domain', 'all_members_notified', false, true),
  (39, 1, false, 'verified_email_domain', 'all_members_notified', false, true),
  (40, 1, false, 'verified_email_domain', 'all_members_notified', false, true),
  (41, 1, false, 'verified_email_domain', 'all_members_notified', false, true),
  (42, 1, false, 'verified_email_domain', 'all_members_notified', false, true),
  (43, 1, false, 'verified_email_domain', 'all_members_notified', false, true),
  (44, 1, false, 'verified_email_domain', 'all_members_notified', false, true),
  (45, 1, false, 'verified_email_domain', 'all_members_notified', false, true),
  (46, 1, false, 'verified_email_domain', 'all_members_notified', false, true),
  (47, 1, false, 'verified_email_domain', 'all_members_notified', false, true),
  (48, 1, false, 'verified_email_domain', 'all_members_notified', false, true),
  (49, 1, false, 'verified_email_domain', 'all_members_notified', false, true),
  (50, 1, false, 'verified_email_domain', 'all_members_notified', false, true),
  (51, 1, false, 'verified_email_domain', 'all_members_notified', false, true),
  (52, 1, false, 'verified_email_domain', 'all_members_notified', false, true),
  (53, 1, false, 'verified_email_domain', 'all_members_notified', false, true),
  (54, 1, false, 'verified_email_domain', 'all_members_notified', false, true),
  (55, 1, false, 'verified_email_domain', 'all_members_notified', false, true),
  (56, 1, false, 'verified_email_domain', 'all_members_notified', false, true);
